market_id,item_id,latest_start,flag
mi,p1,2026-06-15,ok
mi,p2,2026-08-14,ok
mi,p3,2026-10-13,ok
mi,p4,2026-10-28,ok
mi,p5,2026-11-27,ok
mi,l1,2026-06-25,ok
mi,l2,2026-08-24,ok
mi,l3,2026-08-14,ok
mi,l4,2026-09-13,ok
mi,l5,2026-09-13,late
mi,l6,2026-10-03,risk
mi,l7,2026-09-23,late
mi,l8,2026-11-02,ok
mi,s1,2026-07-15,ok
mi,s2,2026-08-29,ok
mi,s3,2026-09-28,ok
mi,s4,2026-10-23,ok
mi,s5,2026-11-27,ok
mi,s6,2026-12-02,ok
mi,t1,2026-09-23,ok
mi,t2,2026-10-13,risk
mi,t3,2026-11-07,ok
mi,t4,2026-12-07,ok
mi,t5,2026-12-12,ok
mi,t6,2026-11-27,ok
mi,o1,2026-10-03,ok
mi,o2,2026-10-18,ok
mi,o3,2026-11-02,ok
mi,o4,2026-11-02,ok
mi,o5,2026-11-12,ok
mi,o6,2026-11-17,ok
mi,o7,2026-11-27,ok
mi,o8,2026-12-07,ok
mi,v1,2026-10-13,risk
mi,v2,2026-10-18,ok
mi,v3,2026-11-02,ok
mi,v4,2026-11-12,ok
mi,v5,2026-09-13,ok
mi,v6,2026-11-12,ok
mi,v7,2026-11-22,ok
mi,f1,2026-10-13,ok
mi,f2,2026-10-23,ok
mi,f3,2026-11-02,ok
mi,f4,2026-11-12,ok
mi,f5,2026-11-17,ok
mi,f6,2026-12-07,ok
mi,f7,2026-11-17,ok
mi,g1,2026-12-17,ok
mi,g2,2026-12-21,ok
mi,g3,2027-01-04,ok
mi,g4,2026-12-28,ok
mi,g5,2027-02-01,ok
ca,p1,2026-07-27,ok
ca,p2,2026-09-25,late
ca,p3,2026-11-24,ok
ca,p4,2026-12-09,ok
ca,p5,2027-01-08,ok
ca,l1,2026-08-06,ok
ca,l2,2026-10-05,risk
ca,l3,2026-09-25,late
ca,l4,2026-10-25,ok
ca,l5,2026-10-25,ok
ca,l6,2026-11-14,ok
ca,l7,2026-11-04,ok
ca,l8,2026-12-14,ok
ca,s1,2026-08-26,ok
ca,s2,2026-10-10,risk
ca,s3,2026-11-09,ok
ca,s4,2026-12-04,ok
ca,s5,2027-01-08,ok
ca,s6,2027-01-13,ok
ca,t1,2026-11-04,ok
ca,t2,2026-11-24,ok
ca,t3,2026-12-19,ok
ca,t4,2027-01-18,ok
ca,t5,2027-01-23,ok
ca,t6,2027-01-08,ok
ca,o1,2026-11-14,ok
ca,o2,2026-11-29,ok
ca,o3,2026-12-14,ok
ca,o4,2026-12-14,ok
ca,o5,2026-12-24,ok
ca,o6,2026-12-29,ok
ca,o7,2027-01-08,ok
ca,o8,2027-01-18,ok
ca,v1,2026-11-24,ok
ca,v2,2026-11-29,ok
ca,v3,2026-12-14,ok
ca,v4,2026-12-24,ok
ca,v5,2026-10-25,ok
ca,v6,2026-12-24,ok
ca,v7,2027-01-03,ok
ca,f1,2026-11-24,ok
ca,f2,2026-12-04,ok
ca,f3,2026-12-14,ok
ca,f4,2026-12-24,ok
ca,f5,2026-12-29,ok
ca,f6,2027-01-18,ok
ca,f7,2026-12-29,ok
ca,g1,2027-01-28,ok
ca,g2,2027-02-01,ok
ca,g3,2027-02-15,ok
ca,g4,2027-02-08,ok
ca,g5,2027-03-15,ok
