market_id,item_id,status
mi,p1,done
mi,p2,done
mi,p3,inprogress
mi,p4,notstarted
mi,p5,notstarted
mi,l1,done
mi,l2,inprogress
mi,l3,done
mi,l4,inprogress
mi,l5,blocked
mi,l6,notstarted
mi,l7,notstarted
mi,l8,notstarted
mi,s1,done
mi,s2,inprogress
mi,s3,inprogress
mi,s4,notstarted
mi,s5,notstarted
mi,s6,notstarted
mi,t1,inprogress
mi,t2,notstarted
mi,t3,notstarted
mi,t4,notstarted
mi,t5,notstarted
mi,t6,notstarted
mi,o1,inprogress
mi,o2,notstarted
mi,o3,notstarted
mi,o4,notstarted
mi,o5,notstarted
mi,o6,notstarted
mi,o7,notstarted
mi,o8,notstarted
mi,v1,notstarted
mi,v2,notstarted
mi,v3,notstarted
mi,v4,notstarted
mi,v5,inprogress
mi,v6,notstarted
mi,v7,notstarted
mi,f1,inprogress
mi,f2,notstarted
mi,f3,notstarted
mi,f4,notstarted
mi,f5,notstarted
mi,f6,notstarted
mi,f7,notstarted
mi,g1,notstarted
mi,g2,notstarted
mi,g3,notstarted
mi,g4,notstarted
mi,g5,notstarted
ca,p1,inprogress
ca,p2,notstarted
ca,p3,notstarted
ca,p4,notstarted
ca,p5,notstarted
ca,l1,inprogress
ca,l2,notstarted
ca,l3,notstarted
ca,l4,notstarted
ca,l5,notstarted
ca,l6,notstarted
ca,l7,notstarted
ca,l8,notstarted
ca,s1,inprogress
ca,s2,notstarted
ca,s3,notstarted
ca,s4,notstarted
ca,s5,notstarted
ca,s6,notstarted
ca,t1,notstarted
ca,t2,notstarted
ca,t3,notstarted
ca,t4,notstarted
ca,t5,notstarted
ca,t6,notstarted
ca,o1,notstarted
ca,o2,notstarted
ca,o3,notstarted
ca,o4,notstarted
ca,o5,notstarted
ca,o6,notstarted
ca,o7,notstarted
ca,o8,notstarted
ca,v1,notstarted
ca,v2,notstarted
ca,v3,notstarted
ca,v4,notstarted
ca,v5,notstarted
ca,v6,notstarted
ca,v7,notstarted
ca,f1,notstarted
ca,f2,notstarted
ca,f3,notstarted
ca,f4,notstarted
ca,f5,notstarted
ca,f6,notstarted
ca,f7,notstarted
ca,g1,notstarted
ca,g2,notstarted
ca,g3,notstarted
ca,g4,notstarted
ca,g5,notstarted
